token,network,fee,min
WUF,SOL,2304147.465500 ,7000000.000000
CATDOG,SOL,45592.705167 ,20000.000000
INVITE,TON,74.771946 ,500.000000
NEIRO,ERC20,44.692737 ,60.000000
ORDER,ERC20,34.275921 ,17.000000
BLASTUP,BLAST,6.285355 ,100.000000
WHY,BEP20,1846722.068329 ,30000000.000000
SUNDOG,TRC20,4.619578 ,30.000000
CEC,BEP20,45.464878 ,200.000000
BTC,BTC,0.000150 ,0.001000
BTC,LIGHTNING,0.000001 ,0.000001
BTC,BEP20,0.000006 ,0.000008
USDT,ERC20,4.000000 ,10.000000
USDT,TRC20,1.000000 ,10.000000
USDT,ARBITRUMONE,0.100000 ,10.000000
USDT,SOL,1.000000 ,10.000000
USDT,OPTIMISM,0.150000 ,10.000000
USDT,BEP20,0.000000 ,10.000000
USDT,POLYGON,0.200000 ,10.000000
USDT,C-CHAIN,0.110000 ,50.000000
USDT,TON,0.000000 ,10.000000
OGLG,SOL,1110.535278 ,24154.000000
ETH,ETH,0.001600 ,0.009800
ETH,ARBITRUMONE,0.000036 ,0.010000
ETH,OPTIMISM,0.000020 ,0.000100
ETH,ZKSYNCERA,0.000040 ,0.005000
ETH,BEP20,0.000146 ,0.000110
ETH,BASE,0.000040 ,0.001000
DOGS,TON,642.590927 ,700.000000
IOST,IOST,1.000000 ,1.000000
GEEK,GEEKVERSE,2.000000 ,666.000000
LTC,LTC,0.001000 ,0.100000
BCH,BCH,0.000100 ,0.010000
QTUM,QTUM,0.050000 ,1.000000
GINNAN,SOL,678733.031674 ,1000000.000000
ETC,ETC,0.008000 ,0.500000
ETC,BEP20,0.019831 ,0.500000
MAK,ERC20,114.613181 ,166.000000
BOX,ERC20,59.692583 ,125.000000
SNIFT,BEP20,13.689254 ,125.000000
CATS,TON,8726.003490 ,25000.000000
SLF,SLF,0.020000 ,1.110000
GDV,TON,2109.259650 ,31250.000000
RFRM,ERC20,22.159437 ,100.000000
CATE,ERC20,1257.861635 ,500.000000
CSAS,BRC20,9950.248760 ,400.000000
DBR,SOL,39.380415 ,400.000000
EGP,ARBITRUMONE,0.032947 ,2.000000
WAT,TON,810.057676 ,14285.000000
COQ,C-CHAIN,665778.961390 ,5240000.000000
MICE,BRC20,3597.122310 ,250.000000
COM,BRC20,86.956530 ,3.000000
RBTC,TON,129513.547117 ,1000000.000000
GRAPE,BEP20,244.798042 ,450.000000
QTLX,ARBITRUMONE,1.805706 ,50.000000
UP,TON,24.271845 ,45.000000
SILLY,SOL,60.204700 ,110.000000
ARTY,BEP20,0.976062 ,30.000000
3ULL,C-CHAIN,594.884000 ,1300.000000
3ULL,3ULL,594.884000 ,1300.000000
PEPECOIN,ERC20,2.106261 ,15.000000
1CAT,ERC20,2020.202020 ,30000.000000
1CAT,BRC20,5050.505060 ,30000.000000
SCPT,BEP20,34.109320 ,2000.000000
MOBILE,SOL,1075.268820 ,6000.000000
NEIROCTO,ERC20,2059.604968 ,40000.000000
SIX,BEP20,13.888889 ,270.000000
ZKF,ZKFAIR,1072.961380 ,10000.000000
STRK,STARKNET,4.589270 ,6.000000
ELA,ERC20,2.192862 ,0.300000
OORT,OORT,8.970220 ,100.000000
PROPS,APTOS,7.447960 ,420.000000
GRAIL,ARBITRUMONE,0.000106 ,0.001000
ORAI,ORAI,0.008000 ,6.000000
ALI,ERC20,407.249033 ,1.000000
SOLO,XRPTOKEN,3.243600 ,70.000000
APP,ERC20,1847.575058 ,1500.000000
MMIT,BEP20,160513643.659711 ,130000000.000000
MCH,ERC20,127.824114 ,350.000000
ORDS,ERC20,1136.363636 ,120.000000
CORE,COREDAO,0.001200 ,1.000000
XAI,ARBITRUMONE,0.425459 ,100.000000
AI,BEP20,0.861215 ,200.000000
STRIKE,ERC20,0.564334 ,0.700000
BABYELON,BEP20,71723148646.225571 ,430000000000.000000
UPC,ERC20,1.136396 ,5.000000
BLUR,ERC20,54.444490 ,0.010000
CHESS,BEP20,2.741604 ,0.100000
VSC,BEP20,28.809062 ,200.000000
VSC,VYVOCOIN,21.606800 ,200.000000
FDUSD,BEP20,0.000000 ,10.000000
VELA,ARBITRUMONE,0.610874 ,0.010000
RARE,ERC20,32.336298 ,0.010000
BABYBONK,BEP20,9456264775.413712 ,480000000000.000000
AVA,BEP20,0.774593 ,20.000000
OPUL,ARBITRUMONE,1.296344 ,80.000000
CLORE,CLORE,0.923361 ,100.000000
ZKB,ERC20,147.547031 ,140.000000
RON,RONIN,0.002000 ,1.000000
TRU,ERC20,45.348903 ,1.000000
PONKE,SOL,2.338860 ,300.000000
MANTA,MANTANETWORK,0.365010 ,0.200000
MDT,ERC20,85.680625 ,1.000000
VELO,OPTIMISM,10.370000 ,0.100000
BIZA,BIZA,28.037390 ,1450.000000
GTAI,BEP20,0.497389 ,50.000000
ONDO,ERC20,4.859205 ,40.000000
WIF,SOL,0.366840 ,40.000000
ALT,ERC20,32.992412 ,80.000000
ALT,BEP20,3.299241 ,1000.000000
TSUGT,POLYGON,393.081770 ,200.000000
OAX,ERC20,27.063599 ,0.100000
FON,FONSMARTCHAIN,0.005000 ,0.010000
DUEL,BEP20,189.663348 ,900.000000
LQTY,ERC20,4.501463 ,0.010000
SAROS,SOL,500.000000 ,1000.000000
VAI,ERC20,46.583670 ,1.000000
ORNJ,BRC20,124.843950 ,200.000000
JUP,SOL,0.999810 ,10.000000
DMAIL,BEP20,1.421464 ,100.000000
DMAIL,ERC20,14.214641 ,100.000000
DEFI,ERC20,200.000000 ,20.000000
DEFI,BEP20,20.000000 ,20.000000
ZETA,ZETACHAIN,0.001000 ,0.500000
ZETA,ERC20,5.834306 ,10.000000
VMINT,ERC20,911.369332 ,800.000000
GUAC,SOL,18867924.528310 ,45000000.000000
HALO,BEP20,50.441362 ,1.000000
COREUM,COREUM,3.072200 ,50.000000
FLM,NEO3,1.000000 ,1.000000
ASM,MANTANETWORK,25.706950 ,13.000000
PAW,ERC20,353584908.996084 ,100.000000
LEASH,ERC20,0.014834 ,0.000100
DGI,ERC20,4197.271773 ,1440.000000
GRPH,BRC20,2040.816330 ,14.290000
VR,ERC20,2164.502170 ,310.000000
WEN,SOL,9191.176480 ,138000.000000
TRAC,ERC20,8.195042 ,14.000000
FIRE,POLYGON,1.062700 ,200.000000
GAS,NEO3,0.050000 ,1.000000
VELO1,STELLARLUMENS,40.000000 ,1.000000
PRIME,ERC20,0.423370 ,0.001000
ELON,ERC20,26791694.574682 ,0.001000
MCHC,OASYS,10.000000 ,10.000000
STX,STACKS,1.000000 ,5.000000
ASTR,ASTAR,2.000000 ,1.000000
ASTR,ASTREVM,2.000000 ,1.000000
ARBK,ARBITRUMONE,0.500000 ,0.000100
GFAL,BEP20,30.367423 ,1.000000
GCAKE,ERC20,55788005.578801 ,1.000000
RJV,ERC20,331.922662 ,1.000000
RJV,BEP20,33.192266 ,1.000000
JASMY,ERC20,199.501247 ,45.000000
DZOO,BEP20,82.423243 ,1.000000
CAPS,ERC20,1532.567050 ,1.000000
TON,TON,0.020000 ,0.800000
ARB,ARBITRUMONE,0.163666 ,0.000100
BLOK,POLYGON,200.000000 ,300.000000
CVX,ERC20,2.092050 ,2.000000
SPELL,ERC20,6411.283860 ,2000.000000
ID,ERC20,9.401589 ,1.000000
ID,BEP20,0.940159 ,1.000000
SIN,BEP20,119.225037 ,75.000000
CSIX,BEP20,25.990903 ,0.000100
COTI,ERC20,36.961745 ,1500.000000
FXS,ERC20,1.863065 ,2.500000
CEEK,BEP20,12.718601 ,20.000000
DENT,ERC20,4153.858935 ,8000.000000
FLOKI,ERC20,25364.616360 ,50000.000000
FLOKI,BEP20,2536.461636 ,50000.000000
EGLD,ELROND,0.003000 ,0.300000
NEAR,NEARPROTOCOL,0.008000 ,5.000000
AR,ARWEAVE,0.030000 ,2.000000
KSM,KUSAMA,0.010000 ,0.400000
PEOPLE,ERC20,47.654221 ,480.000000
LOOKS,ERC20,85.269665 ,8.000000
ACA,ACALATOKEN,0.100000 ,40.000000
METIS,METISTOKEN,0.006000 ,0.100000
ALPHA,BEP20,6.116208 ,100.000000
BABYDOGE,BEP20,125707102.451289 ,7000000000.000000
KLAY,KLAYTN,0.005000 ,3.000000
AUDIO,ERC20,29.967036 ,45.000000
C98,ERC20,28.673835 ,25.000000
TLOS,TELOS,2.500000 ,40.000000
ILV,ERC20,0.099428 ,0.080000
WEMIX,WEMIXMAINNET,0.100000 ,1.000000
RSS3,ERC20,29.629630 ,100.000000
ANT,ERC20,0.613506 ,10.000000
ARPA,BEP20,6.921852 ,500.000000
FTT,ERC20,1.934704 ,1.200000
DUSK,ERC20,19.291054 ,125.000000
DAR,BEP20,2.270019 ,70.000000
DAR,ERC20,22.700187 ,70.000000
WOO,BEP20,1.788829 ,120.000000
OSMO,OSMOSIS,0.060000 ,6.000000
FTM,FANTOM,0.100000 ,30.000000
FTM,ERC20,5.204945 ,30.000000
LUNA,TERRA,0.010000 ,3.000000
WIN,TRC20,55053.960000 ,250000.000000
SUN,TRC20,262.500000 ,3500.000000
SUPER,ERC20,3.032233 ,60.000000
KP3R,ERC20,0.072294 ,0.800000
NEO,NEO3,0.000000 ,1.000000
PSTAKE,ERC20,78.911028 ,100.000000
PERP,ERC20,4.727127 ,12.000000
WAVES,WAVES,0.004000 ,3.000000
LOGX,ARBITRUMONE,3.448276 ,67.000000
DAPP,ERC20,18.752930 ,7.000000
ZCX,ERC20,49.291436 ,150.000000
UNIO,BASE,32.679739 ,500.000000
SOCIAL,BASE,38.167939 ,1000.000000
SOCIAL,ERC20,1526.717557 ,1000.000000
MOODENG,SOL,16.389860 ,100.000000
MOODENGETH,ERC20,51679.586563 ,71400.000000
PUFFER,ERC20,10.073029 ,20.000000
CARV,BASE,0.114587 ,7.690000
OMNIA,ERC20,6.279435 ,29.000000
GOAT,SOL,5.565863 ,25.000000
LUMIA,ERC20,3.086420 ,10.000000
OMI,ERC20,10638.297872 ,13000.000000
BEFI,ERC20,244.947949 ,400.000000
IVPAY,BEP20,51.546392 ,500.000000
NAVX,SUI,0.781250 ,250.000000
NAVI,ERC20,26.720107 ,27.000000
DYM,DYM,0.010000 ,3.000000
DYM,DYMEVM,0.020000 ,3.000000
MAVIA,ERC20,2.545015 ,13.000000
AINN,BRC20,84.889650 ,10.000000
OLAS,ERC20,3.074558 ,2.000000
HTX,TRC20,733137.829920 ,1000000.000000
REACH,ERC20,210.748156 ,100.000000
NESS,POLYGON,28.935190 ,25.000000
BBL,ERC20,1884.422120 ,20.000000
ML,ERC20,28.288543 ,14.000000
ASTO,ERC20,357.781753 ,240.000000
VEXT,POLYGON,236.966830 ,35.000000
SORA,ERC20,2346.041056 ,500.000000
PIXEL,RONIN,0.613130 ,25.000000
PIXEL,ERC20,24.524831 ,25.000000
NUUM,NUUM,0.500000 ,1.000000
PORTAL,ERC20,12.070006 ,5.000000
SERSH,BEP20,5.780347 ,10.000000
PZP,BEP20,8.080808 ,30.000000
ICE,BEP20,73.868883 ,1000.000000
MV,POLYGON,129.032260 ,1.000000
HELLO,BEP20,17.945267 ,0.000100
TAO,TAO,0.000300 ,0.000100
CGPT,BEP20,3.048084 ,1.000000
ZZZ,ARBITRUMONE,4.506534 ,1.000000
GFI,ERC20,2.102828 ,3.000000
PENDLE,ARBITRUMONE,0.020048 ,0.100000
COMAI,COMAI,3.214401 ,5.000000
ORBK,ERC20,31914.893620 ,100.000000
DEVVE,ERC20,15.618899 ,10.000000
ALVA,ERC20,36.036036 ,7.000000
HGPT,BEP20,13.778849 ,300.000000
DEPD,BRC20,49751.243790 ,670.000000
VIA,BEP20,7.797271 ,6.000000
FMB,ERC20,231.749710 ,300.000000
FMB,BEP20,23.174971 ,300.000000
MAPO,MAPO,0.035000 ,270.000000
GPT,BEP20,5.952381 ,100.000000
TRIAS,POLYGON,0.287110 ,1.000000
TRIAS,BEP20,0.114844 ,1.000000
AIDOGE,ARBITRUMONE,245434910.661693 ,100.000000
STETH,ERC20,0.001458 ,0.000100
WOJAK,ERC20,3051.408607 ,0.000100
PEPE,ERC20,373726.992432 ,0.000100
TOMI,ERC20,106.695119 ,0.000100
KAS,KASPA,6.000000 ,1.000000
MVL,ERC20,1066.666667 ,1500.000000
CREO,BEP20,9.928022 ,70.000000
LAKE,ERC20,894.854586 ,300.000000
PENG,SOL,4.683850 ,20.000000
ZBU,BASE,0.024143 ,3.000000
ZBU,BEP20,0.096572 ,3.000000
KLV,KLEVER,185.000000 ,2600.000000
SCA,SUI,0.256020 ,80.000000
LZBG,POLYGON,2.000000 ,0.010000
XPLA,XPLA,1.000000 ,40.000000
PCI,PAYCOIN,0.000000 ,1.000000
PMG,BEP20,5.917160 ,1.000000
ETHFI,ERC20,2.265519 ,10.000000
MC,TON,0.980777 ,2.500000
NETZ,NETZ,20.000000 ,90.000000
BENDOG,SOL,70.921990 ,320.000000
SYLO,ERC20,5148.005148 ,2000.000000
BRETT,BASE,0.913000 ,330.000000
RMV,ERC20,509.554140 ,160.000000
RMV,POLYGON,127.388540 ,160.000000
AEVO,ERC20,10.055304 ,5.000000
XCHNG,ERC20,98.814229 ,60.000000
SUI,SUI,0.060000 ,1.000000
MONG,ERC20,189915487.608014 ,1.000000
TURBO,ERC20,384.305723 ,1.000000
DIS,DISCHAIN,19.267830 ,90.000000
BOME,SOL,106.894710 ,400.000000
PUSH,ERC20,50.955414 ,35.000000
GOMD,BEP20,13333.333333 ,1000.000000
NEVER,SOL,38008.361840 ,25500.000000
KUB,BITKUBCHAIN,0.010000 ,1.000000
SHIDO,ERC20,15673.981200 ,3800.000000
BIP1,BRC20,41.152270 ,1000.000000
LITT,SOL,659.340659 ,4500.000000
ORDI,BRC20,0.262820 ,10.000000
ZKJ,BEP20,0.360360 ,10.000000
ZKJ,ERC20,3.603604 ,10.000000
SLERF,SOL,7.629705 ,20.000000
PIKA,ERC20,10230.179028 ,14290.000000
LYX,LYX,0.000100 ,2.000000
TOAD,SOL,535.523028 ,110.000000
ANDY,SOL,560.538117 ,490.000000
LADYS,ERC20,44033465.433730 ,1.000000
DUKO,SOL,908.265220 ,1850.000000
PROPC,ERC20,3.551767 ,0.100000
PIP,SOL,28.612310 ,300.000000
TENET,TENETEVM,1.000000 ,0.001000
EGO,BEP20,43.010753 ,110.000000
MSTR,BEP20,28.801843 ,60.000000
DCB,BEP20,12.949174 ,130.000000
DFC,TON,3.255208 ,4.000000
AAI,ZKSYNCERA,92.592600 ,70.000000
LAI,LAYERAI,0.003000 ,0.000100
LAI,BEP20,28.204767 ,1.000000
LAI,ERC20,282.047666 ,0.000100
KATA,ERC20,8771.929825 ,4500.000000
EZSWAP,MANTANETWORK,409.836070 ,0.000000
AREA,AREA,16.934810 ,0.100000
SEI,SEI,0.200000 ,5.000000
SCLP,BEP20,2.647253 ,0.010000
COMBO,ERC20,8.733624 ,0.000100
GUI,APTOS,38865.137980 ,140000.000000
GMT,SOL,7.129110 ,600.000000
GMT,POLYGON,7.129110 ,30.000000
MAGIC,ARBITRUMONE,0.231782 ,10.000000
SD,ERC20,10.007506 ,11.000000
XDC,XDCNETWORKXDC,40.000000 ,50.000000
APE,ERC20,2.802102 ,8.000000
MAV,ERC20,20.565553 ,0.010000
GINOA,BEP20,0.304252 ,45.000000
PEPE2,ERC20,122767172.058192 ,1.000000
LBR,ERC20,64.412238 ,0.010000
RBN,ERC20,10.113780 ,40.000000
JUNO,JUNO,0.100000 ,1.500000
WOOO,ERC20,27303.754266 ,1.000000
NPT,KLAYTN,4.518760 ,5.000000
STG,ERC20,12.907389 ,20.000000
STG,ARBITRUMONE,0.322685 ,0.100000
RUNE,THORCHAIN,0.060000 ,0.500000
RAY,SOL,0.403390 ,150.000000
BSW,BEP20,6.115273 ,80.000000
DODO,BEP20,3.026176 ,100.000000
BNX,BEP20,0.587199 ,1.000000
AURORA,ERC20,32.501828 ,5.000000
NEXO,ERC20,3.831418 ,20.000000
AMP,ERC20,986.679822 ,1500.000000
CEL,ERC20,14.280614 ,15.000000
LPT,ERC20,0.306279 ,2.000000
PAXG,ERC20,0.001458 ,0.005000
VGX,ERC20,346.320346 ,20.000000
TEL,POLYGON,572.409845 ,3000.000000
BTT,TRC20,5202372.290000 ,25000000.000000
GLM,ERC20,11.366866 ,70.000000
NYM,ERC20,55.478502 ,70.000000
VT,BEP20,47.619048 ,1500.000000
VRA,ERC20,1286.587327 ,2000.000000
GST,SOL,81.353730 ,3000.000000
FLUX,ERC20,7.105174 ,31.000000
FLUX,BEP20,0.710517 ,31.000000
ROSE,ROSE,0.100000 ,120.000000
HNT,SOL,0.146740 ,15.000000
FITFI,C-CHAIN,1459.520000 ,200.000000
TUSD,TRC20,4.000000 ,10.000000
TUSD,ERC20,4.008418 ,10.000000
TUSD,BEP20,0.400842 ,10.000000
ZIL,BEP20,24.955548 ,1250.000000
ZIL,ZIL,0.800000 ,1000.000000
BAT,ERC20,21.774633 ,26.000000
CHAT,SOL,1.089330 ,1.000000
DAI,BEP20,0.399984 ,1.000000
DAI,POLYGON,0.200000 ,1.000000
DAI,ERC20,3.999840 ,8.000000
GALFAN,CAP20,1.000000 ,15.000000
SLT,BEP20,16.549441 ,40.000000
KDA,KDA,0.350000 ,5.000000
SXP,SOLAR,0.500000 ,2.000000
LUNC,TERRA,28.000000 ,30000.000000
USTC,TERRA,0.800000 ,200.000000
SNT,ERC20,155.327742 ,10.000000
LINK,ERC20,0.335824 ,2.000000
ZRX,ERC20,11.379153 ,10.000000
LRC,ERC20,29.261156 ,3.800000
BSV,BSV,0.000400 ,0.010000
OMG,ERC20,14.270425 ,1.000000
OP,OPTIMISM,0.100000 ,2.000000
EVMOS,EVMOSETH,1.000000 ,10.000000
FET,FET,0.000010 ,20.000000
FET,ERC20,2.739895 ,7.000000
SYS,SYS,0.500000 ,150.000000
SYS,ROLLUXL2,0.929428 ,150.000000
SYS,SYSCOINNEVM,0.500000 ,0.500000
MOVEZ,BEP20,2781.641168 ,10000.000000
GTC,ERC20,5.367687 ,1.000000
LOOM,ERC20,262.697030 ,50.000000
BLZ,ERC20,28.841301 ,100.000000
TRX,TRX,0.800000 ,40.000000
FORT,ERC20,34.913154 ,20.000000
JOE,C-CHAIN,8.270000 ,100.000000
QUICK,POLYGON,75.650000 ,0.800000
CELR,ERC20,276.300338 ,1350.000000
MANA,ERC20,12.204424 ,110.000000
ENJ,ENJ,0.080000 ,2.000000
XRP,XRP,0.200000 ,22.000000
EOS,EOS,0.080000 ,1.000000
USDC,OPTIMISM,0.100000 ,10.000000
USDC,POLYGON,0.640000 ,10.000000
USDC,SOL,1.499850 ,30.000000
USDC,BEP20,0.000000 ,10.000000
USDC,ERC20,3.999600 ,50.000000
USDC,BASE,0.099990 ,10.000000
USDC,ARBITRUMONE,0.099990 ,10.000000
USDC,C-CHAIN,0.999910 ,10.000000
UNI,ERC20,0.516462 ,1.300000
SUSHI,ERC20,4.905568 ,0.140000
COMP,ERC20,0.084908 ,0.006000
AAVE,ERC20,0.025299 ,0.020000
YFI,ERC20,0.000769 ,0.000200
DOGE,DOGE,4.000000 ,40.000000
CHZ,CAP20,0.200000 ,0.000100
HOT,ERC20,2086.484795 ,7000.000000
LINA,ERC20,930.448942 ,111.000000
BNB,BEP20,0.000200 ,0.010000
1INCH,ERC20,13.878143 ,8.000000
SNX,ERC20,2.489110 ,0.200000
MKR,ERC20,0.003247 ,0.002000
UMA,ERC20,1.432152 ,0.044000
REN,ERC20,101.615689 ,20.000000
BAL,ERC20,1.832593 ,0.050000
BNT,ERC20,7.374631 ,0.600000
NMR,ERC20,0.245549 ,0.100000
CRV,ERC20,14.577259 ,0.030000
LOE,POLYGON,62.305300 ,200.000000
ALE,BEP20,2.355713 ,70.000000
IAG,CARDANO,8.142000 ,50.000000
NUB,SOL,40.683490 ,120.000000
SPACE,SPACE,0.000800 ,0.500000
AABL,SOL,96.525100 ,300.000000
DOPE,SOL,529.100530 ,170.000000
GLQ,GLQ,10.604460 ,60.000000
AERO,BASE,0.078510 ,10.000000
CATBOY,BEP20,14.435222 ,40.000000
DegenReborn,BASE,10.384220 ,620.000000
MAS,MAS,43.610990 ,80.000000
W,SOL,3.252040 ,7.000000
KHAI,SOL,1.698090 ,12.000000
UNICE,BEP20,93.676815 ,70.000000
ENA,ERC20,9.496676 ,50.000000
USDE,ERC20,3.999200 ,10.000000
0X0,ERC20,31.372549 ,0.100000
FAVR,KLAYTN,137.741050 ,0.100000
APPA,BEP20,73.179656 ,500.000000
APPA,ZKSYNCERA,182.949150 ,500.000000
NAO,ERC20,365.630713 ,80.000000
THG,BEP20,4.318722 ,100.000000
DMTR,ERC20,42.328042 ,50.000000
MUMU,SOL,13776.571570 ,1100000.000000
MEW,SOL,113.352990 ,1200.000000
VIRTUAL,ERC20,28.652679 ,60.000000
KOKO,SOL,207684.319840 ,3700000.000000
ARKM,ERC20,2.249403 ,0.100000
EML,ERC20,47.169811 ,0.010000
SALD,ERC20,3490.401396 ,1.000000
AZIT,KLAYTN,41.000420 ,0.010000
BITCOIN,ERC20,11.127493 ,0.100000
MASA,ERC20,52.987151 ,120.000000
AQT,ERC20,4.161032 ,5.000000
AIT,ERC20,32.507111 ,20.000000
RARI,ERC20,2.084093 ,1.900000
SAGA,SAGA,0.008000 ,0.500000
TNSR,SOL,2.435470 ,7.000000
ROOST,BASE,33.112590 ,160.000000
UNIBOT,ERC20,0.547196 ,0.000100
MOEW,BASE,211.416500 ,4500.000000
MOG,ERC20,1774576.126965 ,1.000000
WLD,ERC20,1.654055 ,0.010000
WLD,OPTIMISM,0.413520 ,0.010000
SOPH,ERC20,239.520958 ,0.100000
STIK,SOL,0.499150 ,10.000000
GBTC,ERC20,19.870840 ,20.000000
ZBCN,SOL,906.618320 ,4000.000000
PRCL,SOL,4.627490 ,10.000000
EPIK,SOL,33.523300 ,290.000000
PBUX,BEP20,17.072130 ,130.000000
OMNI1,ERC20,0.408030 ,10.000000
ALPH,ALPH,0.010000 ,3.300000
ATR,SOL,78.740160 ,250.000000
API3,ERC20,2.230898 ,3.000000
MERL,MERLIN,11.482940 ,1.000000
CKB,CKB,0.002000 ,500.000000
ICX,ICX,0.026000 ,1.026000
SKL,ERC20,91.680037 ,200.000000
BB,BB,0.005000 ,200.000000
OPEN,ERC20,521.716447 ,220.000000
REZ,ERC20,87.527352 ,33.000000
SAFE,ERC20,4.152824 ,4.000000
RTF,ERC20,183.992640 ,100.000000
RTF,BEP20,18.399264 ,100.000000
VET,VET,3.000000 ,30.000000
XDB,XDB,300.000000 ,14000.000000
GPTV,BEP20,309.837335 ,1000.000000
APU,ERC20,3701.647233 ,30000.000000
MX,ERC20,1.278445 ,0.001000
SML,POLYGON,877.963130 ,1.000000
LNDX,ERC20,13.750430 ,5.000000
MANEKI,SOL,126.262630 ,380.000000
STYLE,ARBITRUMONE,88.334541 ,1000.000000
STYLE,ERC20,3533.381623 ,1000.000000
FUD,SUI,160745.860800 ,30000000.000000
CATGPT,SOL,4761.904770 ,40000.000000
APRS,ERC20,33.361134 ,18.000000
DAOT,SOL,3.373820 ,3.300000
UBXS,BEP20,3.828484 ,0.100000
MSN,ERC20,26.333114 ,5.000000
SDEX,ERC20,511.836212 ,1.000000
BCCOIN,BEP20,1.220629 ,0.700000
BROCK,ERC20,74.377092 ,0.100000
ROSX,ARBITRUMONE,24.330900 ,750.000000
AL,ERC20,31.397174 ,40.000000
ZENT,ERC20,208.333333 ,270.000000
MODE,MODE,0.999010 ,100.000000
ATS,BEP20,2.203978 ,8.000000
AVAIL,AVL,0.500000 ,50.000000
ZEROLEND,LINEA,1554.001560 ,33000.000000
FTN,BAHAMUT,0.376500 ,0.100000
EIGEN,ERC20,1.052094 ,3.000000
TET,ERC20,0.383303 ,1.000000
KMNO,SOL,10.334850 ,80.000000
LAB,LINEA,11.474470 ,80.000000
BAD,ERC20,277777777.777778 ,100000000.000000
CYBER,OPTIMISM,0.288770 ,1.000000
AITECH,BEP20,3.995206 ,800.000000
GOMINING,ERC20,9.332058 ,100.000000
MNTC,BEP20,0.299401 ,2.000000
WALV,BEP20,43.243243 ,200.000000
NVIR,ERC20,1959.823616 ,250.000000
CPOOL,ERC20,23.758613 ,70.000000
SHIA,ERC20,10101.010101 ,30.000000
MARO,MARO,0.000000 ,1.000000
MCADE,BASE,11.470521 ,1000.000000
WITCH,ERC20,35.587189 ,70.000000
CSPR,CSPR,5.000000 ,500.000000
CMP,CMP,3.000000 ,0.000000
MAXEXCHANGE,ERC20,13.431833 ,50.000000
LAT,LAT,1.000000 ,100.000000
CRETA,POLYGON,9.794320 ,310.000000
SFP,BEP20,0.536121 ,30.000000
BANANA,ERC20,0.070566 ,1.000000
CBK,ERC20,6.895363 ,20.000000
CBK,POLYGON,1.723850 ,20.000000
OGV,ERC20,557.802259 ,1.000000
PYUSD,SOL,1.500450 ,10.000000
PYUSD,ERC20,4.001200 ,10.000000
GLMR,MOONBEAM,0.020000 ,5.000000
XOR,XOR,23520.000000 ,10.000000
IOTX,IOTEX,0.100000 ,1.000000
MINA,MINA,0.500000 ,2.000000
XCAD,BEP20,1.522649 ,0.010000
XCAD,ZIL,7.620000 ,10.000000
DAO,ERC20,12.393340 ,10.000000
XETA,XANA,1.858051 ,1.000000
XETA,C-CHAIN,1.000000 ,10.000000
ALPACA,BEP20,2.449345 ,100.000000
TUP,ERC20,410.846343 ,100.000000
ZIG,ERC20,38.466717 ,100.000000
PORTO,BEP20,0.238365 ,2.000000
LAZIO,BEP20,0.254810 ,2.000000
ACM,CAP20,1.000000 ,5.000000
BAR,CAP20,1.000000 ,4.000000
SANTOS,BEP20,0.116976 ,1.000000
CANTO,CANTO-EVM,1.000000 ,10.000000
LOVELY,ERC20,1173.020528 ,300.000000
AFC,CAP20,1.000000 ,5.000000
TSUKA,ERC20,651.996740 ,10.000000
SWEAT,NEARPROTOCOL,1.474280 ,1000.000000
SWEAT,ERC20,589.709568 ,10.000000
ETHW,ETHW,0.010000 ,0.100000
AKRO,ERC20,922.275253 ,10.000000
ABT,ERC20,2.433430 ,10.000000
AERGO,ERC20,37.278658 ,10.000000
ALPINE,BEP20,0.266383 ,2.000000
AUCTION,ERC20,0.287790 ,3.000000
ACH,ERC20,190.548780 ,100.000000
BADGER,ERC20,1.302762 ,5.000000
BICO,ERC20,18.034265 ,10.000000
BEL,BEP20,0.636436 ,10.000000
BORA,KLAYTN,10.548530 ,5.000000
BOND,ERC20,2.496879 ,1.000000
BURGER,BEP20,0.906824 ,10.000000
CFX,CFXESPACE,1.000000 ,1.000000
CFX,CFX,0.010000 ,1.000000
CVC,ERC20,28.735632 ,10.000000
CTSI,ERC20,28.634834 ,10.000000
REEF,ERC20,1847.063170 ,100.000000
DFI,ERC20,236.826525 ,10.000000
VEMP,ERC20,1311.045559 ,50.000000
AXL,ARBITRUMONE,0.117876 ,0.100000
AXL,AXELAR,1.178760 ,0.100000
AXL,ERC20,4.715035 ,1.000000
FLOW,FLOW,0.010000 ,3.000000
ONE,HARMONY,0.100000 ,2.000000
SSV,ERC20,0.163810 ,0.500000
GNO,ERC20,0.020661 ,0.010000
GHST,ERC20,3.983667 ,1.000000
NOT,TON,59.241706 ,100.000000
BUBBLE,ERC20,1438.848921 ,1670.000000
SYK,ARBITRUMONE,0.741840 ,30.000000
CAU,CAU,0.020000 ,1.500000
LIME,BEP20,11.648224 ,120.000000
WSDM,POLYGON,76.359200 ,330.000000
IO,SOL,0.759109 ,2.500000
CATA,BEP20,1790.510295 ,18180.000000
CATA,BASE,447.627574 ,18180.000000
FURY,BEP20,2.898551 ,50.000000
GME,SOL,349.650350 ,7500.000000
NYAN,SOL,15.479876 ,40.000000
LIFEFORM,BEP20,26.367831 ,300.000000
DRIFT,SOL,3.171247 ,100.000000
BWB,BASE,0.300661 ,100.000000
BWB,ERC20,12.026458 ,100.000000
BWB,SOL,4.509922 ,100.000000
BWB,TON,1.503307 ,100.000000
ZRO,BASE,0.024450 ,2.500000
ZRO,BEP20,0.097800 ,2.500000
ZRO,POLYGON,0.244499 ,2.500000
ZRO,OPTIMISM,0.244499 ,2.500000
ZRO,C-CHAIN,0.244499 ,2.500000
ZRO,ERC20,0.977995 ,2.500000
ZRO,ARBITRUMONE,0.024450 ,2.500000
SAUCE,HBAR,2.392917 ,100.000000
PACK,HBAR,2.110595 ,660.000000
NUTS,ERC20,1990.049751 ,330.000000
HODL,BEP20,30075187969.924812 ,30000000000.000000
DOG,BTCRUNES,1779.042875 ,4440.000000
JOY,JOY,0.100000 ,1.000000
BIGTIME,ERC20,25.957171 ,200.000000
STRAX,STRATISEVM,0.100000 ,5.000000
NTRN,NEUTRON,0.300000 ,1.000000
ZERC,ERC20,36.798528 ,50.000000
ORBS,ERC20,139.082058 ,300.000000
HIVP,MAPO,4631.161098 ,140.000000
SXCH,BEP20,28.571429 ,100.000000
ZKL,ZKLINK,6.973501 ,10.000000
ZKL,ERC20,27.894003 ,10.000000
ZK,ZKSYNCERA,6.711409 ,15.000000
PARAM,ARBITRUMONE,17.888020 ,200.000000
PARAM,ERC20,715.520818 ,200.000000
MUSIC,ERC20,88.632838 ,110.000000
HLG,ERC20,2877.697842 ,133.000000
MON,ERC20,37.154003 ,70.000000
PPT,BEP20,11.661808 ,50.000000
ZTX,ARBITRUMONE,15.948963 ,800.000000
OFN,BEP20,3.464103 ,200.000000
TAIKO,TAIKO,0.065569 ,5.000000
TAIKO,ERC20,2.622779 ,5.000000
SPURS,CAP20,1.000000 ,5.000000
BEER,SOL,124657.192720 ,100000.000000
BLS,C-CHAIN,4.950495 ,110.000000
CWIF,SOL,2066115.702479 ,6000000.000000
WUSD,ERC20,3.999200 ,10.000000
PORTUMA,BEP20,1129.943503 ,5000.000000
LAIKA,SOL,102880.658436 ,300000.000000
RUNESX,BTCRUNES,150000.000000 ,100000.000000
SKR,BEP20,50.761421 ,200.000000
SKR,SAAKURU,40.000000 ,400.000000
POLYX,POLYMESH,1.000000 ,10.000000
LISTA,BEP20,1.007811 ,20.000000
T2T2,ERC20,26666.666667 ,6600.000000
BEAM,ERC20,215.866163 ,2500.000000
POL,ERC20,10.395010 ,20.000000
POL,POLYGON,0.080000 ,5.000000
MEME,ERC20,282.545737 ,300.000000
TIA,CELESTIA,0.100000 ,0.200000
BRN,BEP20,2.851034 ,25.000000
JUNGLE,SOL,483870.967742 ,100000.000000
AARK,ARBITRUMONE,14.925373 ,280.000000
PEW,ERC20,2162162.162162 ,184230.000000
ULTI,BEP20,21.774633 ,400.000000
MCG,ERC20,1052.631579 ,300.000000
DCK,BEP20,17.754106 ,500.000000
SAKAI,BEP20,0.295094 ,10.000000
NEXA,NEXA,5000.000000 ,2000000.000000
MBL,ONTOLOGY,27.972030 ,2200.000000
TRC,POLYGON,59.171600 ,100.000000
SHRAP,C-CHAIN,21.267550 ,300.000000
BTG,BTG,0.050000 ,1.000000
SATS,BRC20,34256547.282600 ,135000000.000000
EMT,BASE,7.209805 ,200.000000
COOKIE,BEP20,17.714792 ,350.000000
PGPT,BEP20,4.002401 ,30.000000
GEMS,ERC20,14.698857 ,70.000000
MOTHER,SOL,20.718232 ,90.000000
ATH,ERC20,71.851985 ,40.000000
NAKA,POLYGON,0.796560 ,7.000000
ROSA,SOL,806.451613 ,700.000000
GROK,ERC20,759.445605 ,2000.000000
GHX,ERC20,44.004400 ,70.000000
HIFI,ERC20,7.095973 ,10.000000
CHAPZ,BEP20,449.943757 ,17000.000000
CRE,POLYGON,267.379680 ,0.000000
RATS,BRC20,75380.672400 ,4000.000000
ROOT,ROOT,47.303690 ,0.000008
OPUSDCE,OPTIMISM,0.140000 ,1.000000
LNQ,ERC20,29.828486 ,70.000000
LPM,ERC20,0.420389 ,0.300000
MAND,DYMEVM,0.160000 ,40.000000
ROG,ERC20,9.787130 ,20.000000
XZK,ERC20,137.931034 ,60.000000
10SET,BEP20,1.444043 ,20.000000
HIPP,ERC20,6568144499.178982 ,1550000000.000000
ARTFI,SUI,8.227744 ,300.000000
PYTH,SOL,2.713640 ,80.000000
HMSTR,TON,126.486213 ,1298.000000
VRTX,ARBITRUMONE,1.477105 ,100.000000
PIRATE,ERC20,22.308979 ,40.000000
LSD7,BEP20,160.965795 ,0.500000
VIC,ERC20,10.338589 ,2.000000
VIC,VICTION,0.010000 ,2.000000
CAGA,ERC20,22766.078543 ,20000.000000
TST,ERC20,526.315789 ,40.000000
BIAO,ERC20,1408.450704 ,300.000000
BLAST,BLAST,10.834236 ,5.000000
DADDY,SOL,10.799136 ,60.000000
CBPAY,XDB,1160.362033 ,20000.000000
HOLD,ZKSYNCERA,1.148110 ,10.000000
NPC,ERC20,121.876904 ,500.000000
MYRO,SOL,8.582220 ,50.000000
QUBIC,QUBIC,130000.000000 ,3000000.000000
GMEE,ERC20,346.320346 ,400.000000
ARBUSDCE,ARBITRUMONE,0.099950 ,1.000000
F3,BEP20,30.075188 ,1600.000000
MATICUSDCE,POLYGON,0.100000 ,10.000000
FIDA,SOL,3.926190 ,50.000000
BABYGROK,BEP20,63091482649.842270 ,800000000000.000000
MYRIA,ERC20,1454.545455 ,1100.000000
VOXEL,POLYGON,6.055470 ,50.000000
GSWIFT,ARBITRUMONE,1.606684 ,30.000000
XRD,RADIX,17.492720 ,200.000000
CVTX,POLYGON,121.212130 ,150.000000
ARK,ARK,0.486070 ,10.000000
WATER,SOL,35808.068752 ,9000.000000
LSK,ERC20,4.645221 ,10.000000
SMH,SMH,0.641026 ,6.000000
VANRY,ERC20,43.763676 ,250.000000
VANRY,VANARCHAIN,0.109409 ,90.000000
CETUS,SUI,0.584360 ,200.000000
XELS,ERC20,75.757576 ,20.000000
JTO,SOL,0.425360 ,1.000000
PMPY,ERC20,1052.908660 ,750.000000
SWCH,POLYGON,2.726290 ,10.000000
LMWR,ERC20,24.962556 ,40.000000
TURT,ERC20,1774.622893 ,500.000000
IQ,ERC20,601.232527 ,200.000000
SAMO,SOL,130.890060 ,700.000000
INJ,INJECTIVE,0.010000 ,0.000100
INJ,ERC20,0.180587 ,1.000000
GXE,BEP20,36.297641 ,250.000000
GXE,ERC20,362.976407 ,250.000000
IDEX,ERC20,102.801336 ,20.000000
PGT,BEP20,214.477212 ,700.000000
KEY,ERC20,973.757242 ,300.000000
SEAM,ERC20,3.281109 ,1.000000
ACE,BEP20,0.165344 ,2.000000
MBX,KLAYTN,2.515730 ,10.000000
MUBI,ERC20,132.144037 ,110.000000
GMX,ARBITRUMONE,0.004070 ,0.050000
CTC,ERC20,9.460738 ,20.000000
LEVER,ERC20,1937.327457 ,500.000000
ALEX,STACKS,22.747953 ,60.000000
LOKA,ERC20,19.102197 ,3.000000
LIT,ERC20,5.663316 ,4.000000
ALU,BEP20,16.326531 ,150.000000
ALU,BASE,4.081633 ,150.000000
XEN,ERC20,42105263.157895 ,100.000000
MTL,METALDAOL2,0.970780 ,10.000000
MXC,MXC,200.000000 ,300.000000
OG,CAP20,1.000000 ,5.000000
OXT,ERC20,52.791342 ,10.000000
PHB,BEP20,0.198955 ,1.200000
PROM,BEP20,0.071336 ,0.100000
POWR,ERC20,16.949153 ,5.000000
PYR,ERC20,1.453541 ,0.200000
PUNDIX,ERC20,9.224029 ,2.000000
POND,ERC20,325.502291 ,50.000000
QNT,ERC20,0.059198 ,0.005000
QKC,ERC20,444.197668 ,30.000000
ROUTE,ROUTERPROTOCOL,0.017699 ,5.000000
ROUTE,ERC20,70.796460 ,0.500000
XWG,BEP20,108.283703 ,100.000000
APT,APTOS,0.003000 ,0.200000
PRMX,ERC20,72.358900 ,5.000000
SYN,ERC20,6.177606 ,1.000000
TRB,ERC20,0.058621 ,0.080000
TWT,BEP20,0.361451 ,1.000000
T,ERC20,159.744409 ,10.000000
UNFI,BEP20,0.133589 ,0.100000
VIB,ERC20,55.233361 ,10.000000
XCN,ERC20,3051.338775 ,15.000000
XCN,BEP20,305.133877 ,15.000000
XPR,PROTON,200.000000 ,1.000000
WING,ONTOLOGY,0.001400 ,0.100000
AZERO,AZERO,1.000000 ,2.000000
RIF,RSK,3.000000 ,6.000000
RAD,ERC20,3.294622 ,0.100000
HFT,ERC20,24.984385 ,1.000000
PUMLX,ERC20,813.173409 ,20.000000
KAVA,KAVA,0.030000 ,0.100000
ONT,ONTOLOGY,1.000000 ,2.000000
ONG,ONTOLOGY,0.037000 ,0.100000
HOOK,BEP20,0.801764 ,10.000000
TIME,ERC20,0.244738 ,0.020000
AXS,RONIN,0.019330 ,1.500000
AXS,ERC20,0.772947 ,0.150000
AXS,BEP20,0.077295 ,0.150000
OAS,OASYS,1.000000 ,1000.000000
CHR,ERC20,20.300447 ,40.000000
GEAR,ERC20,800.320128 ,20.000000
STORJ,ERC20,7.332722 ,9.000000
SHIB,ERC20,209424.083770 ,10000000.000000
SHIB,BEP20,20942.408377 ,1500000.000000
GNS,POLYGON,0.100000 ,0.100000
BONK,SOL,40645.614950 ,1000000.000000
KNC,ERC20,8.391022 ,4.000000
BAND,ERC20,3.264507 ,0.210000
BAND,BAND,0.010000 ,1.000000
GRT,ERC20,22.421525 ,20.000000
RPL,ERC20,0.329870 ,0.010000
SEVILLA,CAP20,1.000000 ,11.000000
FIS,ERC20,11.668611 ,0.010000
NKN,ERC20,50.884111 ,20.000000
WBTC,ERC20,0.000058 ,0.000097
GFT,BEP20,22.687312 ,10.000000
RLC,ERC20,2.381803 ,0.210000
OGN,ERC20,43.191880 ,10.000000
BONE,ERC20,9.782343 ,0.100000
CAKE,BEP20,0.202398 ,0.100000
XAUT,ERC20,0.001470 ,0.000100
BAKE,BEP20,1.376984 ,10.000000
EURT,ERC20,3.720238 ,0.100000
ANKR,ERC20,139.037099 ,200.000000
RSR,ERC20,545.211678 ,1000.000000
JST,TRC20,10.000000 ,100.000000
ICP,ICP,0.000240 ,0.005000
MASK,ERC20,1.687052 ,1.100000
SOL,SOL,0.010000 ,0.100000
NFT,TRC20,192680.000000 ,4166666.000000
ADA,CARDANO,0.800000 ,4.000000
FIL,FIL,0.000800 ,0.100000
CELO,CELO,0.001200 ,1.000000
DOT,DOT,0.080000 ,2.000000
BGB,ERC20,3.462005 ,5.000000
ATOM,ATOM,0.010000 ,3.000000
XTZ,XTZ,0.112920 ,15.000000
AVAX,X-CHAIN,0.008000 ,0.500000
AVAX,C-CHAIN,0.006400 ,0.500000
YGG,ERC20,7.207207 ,0.150000
LDO,ERC20,3.296251 ,8.000000
AGLD,ERC20,3.158809 ,0.190000
DYDX,ERC20,3.175107 ,10.000000
RACA,BEP20,1943.445729 ,1000.000000
BETA,BEP20,8.830022 ,15.000000
BETA,ERC20,88.300221 ,15.000000
MBOX,BEP20,2.449479 ,2.000000
HIGH,ERC20,2.672011 ,1.000000
SLP,RONIN,36.900370 ,3200.000000
SLP,ERC20,1476.014760 ,200.000000
GALA,ERC20,166.597251 ,500.000000
SAND,ERC20,14.030165 ,40.000000
ALICE,ERC20,3.230157 ,2.000000
ALICE,BEP20,0.323016 ,2.000000
TLM,ERC20,348.483660 ,300.000000
TLM,BEP20,34.848366 ,300.000000
MOVR,MOVR,0.003000 ,0.100000
ATLAS,SOL,334.660830 ,20000.000000
GODS,ERC20,19.065777 ,5.000000
IMX,ERC20,2.450230 ,8.000000
PSG,CAP20,1.000000 ,3.000000
ATM,CAP20,1.000000 ,5.000000
ENS,ERC20,0.210585 ,0.500000
WILD,ERC20,17.242123 ,7.000000
CRO,CRONOSCHAIN,40.000000 ,70.000000
CRO,ERC20,50.327126 ,80.000000
XEM,NEM,5.000000 ,10.000000
BOBO,ERC20,3478260.869565 ,4000000.000000
SWGT,ERC20,19.685039 ,58.000000
L3,ERC20,69.625762 ,60.000000
AIN,ERC20,436.633555 ,660.000000
MOCA,ERC20,47.528517 ,50.000000
WOLF,ERC20,41941.910454 ,160000.000000
ACX,ERC20,13.628620 ,28.000000
ANYONE,ERC20,4.079967 ,6.000000
WELL,ERC20,7125.044532 ,4000.000000
UXLINK,ARBITRUMONE,0.189251 ,5.000000
UXLINK,TON,0.946253 ,15.000000
BILLY,SOL,29.296875 ,100.000000
BICITY,BEP20,177.777778 ,18.000000
PIXFI,ERC20,997.506234 ,1500.000000
OMAX,OMAX,1.000000 ,16000.000000
NMT,ERC20,1.830789 ,2.500000
NMT,BEP20,0.183079 ,2.500000
DTEC,POLYGON,16.103060 ,140.000000
CLOUD,SOL,3.816211 ,1000.000000
LANDWOLF,SOL,690.289922 ,900.000000
LIQUIDIUMTOKEN,BTCRUNES,61.919505 ,9.000000
A8,ERC20,44.843049 ,100.000000
G,ERC20,116.279070 ,250.000000
SPARKLET,ERC20,76.921598 ,100.000000
AVACN,TON,3546.099291 ,10000.000000
MAX,ERC20,13.362285 ,50.000000
MAX,POLYGON,3.340571 ,50.000000
MONGY,SOL,2218.934911 ,600.000000
TIMESOL,SOL,590690.714342 ,250000.000000
CATI,TON,1.111605 ,20.000000
RENDER,SOL,0.269736 ,1.420000
MIGGLES,BASE,51.020408 ,120.000000
LSD,APTOS,0.614458 ,10.000000
